INSERT INTO AppreciationFormation (idUtilisateur, idFormation, commantaire, etoil) VALUES
  (1, 1, "Très bonne formation, je recommande !", 5),
  (1, 2, "Formation très intéressante et bien structurée.", 4),
  (1, 3, "J'ai beaucoup appris grâce à cette formation.", 5),
  (2, 1, "La formation était très bien, mais un peu longue.", 4),
  (2, 2, "Formation très utile, merci !", 5),
  (2, 3, "J'ai apprécié la présentation des contenus, très claire.", 5),
  (3, 1, "Bonne formation, mais j'aurais aimé avoir plus de temps pour poser des questions.", 4),
  (3, 2, "Très bonne formation, je recommande vivement.", 5),
  (3, 3, "J'ai beaucoup apprécié cette formation, très bien structurée et interactive.", 5),
  (4, 1, "Formation très intéressante, je recommande !", 5),
  (4, 2, "Contenu de la formation très bien structuré, facile à suivre.", 4),
  (4, 3, "Formation très utile, j'ai beaucoup appris.", 5),
  (5, 1, "La formation était un peu longue, mais très intéressante.", 4),
  (5, 2, "Formation très utile, merci pour toutes ces informations !", 5),
  (5, 3, "Très bonne formation, j'ai beaucoup apprécié la présentation des contenus.", 5),
  (6, 1, "Bonne formation, mais j'aurais aimé avoir plus de temps pour poser des questions.", 4),
  (6, 2, "Formation très utile, je recommande vivement.", 5),
  (6, 3, "J'ai beaucoup apprécié cette formation, très bien structurée et interactive.", 5),
  (7, 1, "Formation très intéressante, je recommande !", 5),
  (7, 2, "Contenu de la formation très bien structuré, facile à suivre.", 4),
  (7, 3, "Formation très utile, j'ai beaucoup appris.", 5),
  (8, 1, "La formation était un peu longue, mais très intéressante.", 4),
  (8, 2, "Formation très utile, merci pour toutes ces informations !", 5),
  (8, 3, "Très bonne formation, j'ai beaucoup apprécié la présentation des contenus.", 5),
  (9, 1, "Bonne formation, mais j'aurais aimé avoir plus de temps pour poser des questions.", 4),
  (9, 2, "Formation très utile, je recommande vivement.", 5),
  (9, 3, "Je n'ai pas aimer",1),
  (10, 1, "Formation très intéressante, je recommande !", 5),
  (10, 2, "Contenu de la formation très bien structuré, facile à suivre.", 4),
  (10, 3, "Formation très utile, j'ai beaucoup appris.", 5),
  (11, 1, "La formation était un peu longue, mais très intéressante.", 4),
  (11, 2, "Formation très utile, merci pour toutes ces informations !", 5),
  (11, 3, "Très bonne formation, j'ai beaucoup apprécié la présentation des contenus.", 5),
  (12, 1, "Bonne formation, mais j'aurais aimé avoir plus de temps pour poser des questions.", 4),
  (12, 2, "Formation très utile, je recommande vivement.", 5),
  (12, 3, "J'ai beaucoup apprécié cette formation, très bien structurée et interactive.", 5),
  (13, 1, "Formation très intéressante, je recommande !", 5),
  (13, 2, "Contenu de la formation très bien structuré, facile à suivre.", 4),
  (13, 3, "Formation très utile, j'ai beaucoup appris.", 5),
  (14, 1, "La formation était un peu longue, mais très intéressante.", 4),
  (14, 2, "Formation très utile, merci pour toutes ces informations !", 5),
  (14, 3, "Très bonne formation, j'ai beaucoup apprécié la présentation des contenus.", 5),
  (15, 1, "Bonne formation, mais j'aurais aimé avoir plus de temps pour poser des questions.", 4),
  (15, 2, "Formation très utile, je recommande vivement.", 5),
  (15, 3, "J'ai beaucoup apprécié cette formation, très bien structurée et interactive.", 5),
  (16, 1, "Formation très intéressante, je recommande !", 5),
  (16, 2, "Contenu de la formation très bien structuré, facile à suivre.", 4),
  (16, 3, "Formation très utile, j'ai beaucoup appris.", 5),
  (17, 1, "La formation était un peu longue, mais très intéressante.", 4),
  (17, 2, "Formation très utile, merci pour toutes ces informations !", 5),
  (17, 3, "Très bonne formation, j'ai beaucoup apprécié la présentation des contenus.", 5),
  (18, 1, "Bonne formation, mais j'aurais aimé avoir plus de temps pour poser des questions.", 4),
  (18, 2, "Formation très utile, je recommande vivement.", 5),
  (18, 3, "J'ai beaucoup apprécié cette formation, très bien structurée et interactive.", 5),
  (19, 1, "Formation très intéressante, je recommande !", 5),
  (19, 2, "Contenu de la formation très bien structuré, facile à suivre.", 4),
  (19, 3, "Formation très utile, j'ai beaucoup appris.", 5),
  (20, 1, "La formation était un peu longue, mais très intéressante.", 4),
  (20, 2, "Formation très utile, merci pour toutes ces informations !", 5),
  (20, 3, "Très bonne formation, j'ai beaucoup apprécié la présentation des contenus.", 5),
  (21, 1, "Bonne formation, mais j'aurais aimé avoir plus de temps pour poser des questions.", 4),
  (21, 2, "Formation très utile, je recommande vivement.", 5),
  (21, 3, "J'ai beaucoup apprécié cette formation, très bien structurée et interactive.", 5),
  (22, 1, "Formation très intéressante, je recommande !", 5),
  (22, 2, "Contenu de la formation très bien structuré, facile à suivre.", 4),
  (22, 3, "Formation très utile, j'ai beaucoup appris.", 5),
  (23, 1, "La formation était un peu longue, mais très intéressante.", 4),
  (23, 2, "Formation très utile, merci pour toutes ces informations !", 5),
  (23, 3, "Très bonne formation, j'ai beaucoup apprécié la présentation des contenus.", 5),
  (24, 1, "Bonne formation, mais j'aurais aimé avoir plus de temps pour poser des questions.", 4),
  (24, 2, "Formation très utile, je recommande vivement.", 5),
  (24, 3, "J'ai beaucoup apprécié cette formation, très bien structurée et interactive.", 5),
  (25, 1, "Formation très intéressante, je recommande !", 5),
  (25, 2, "Contenu de la formation très bien structuré, facile à suivre.", 4),
  (25, 3, "Formation très utile, j'ai beaucoup appris.", 5),
  (26, 1, "La formation était un peu longue, mais très intéressante.", 4),
  (26, 2, "Formation très utile, merci pour toutes ces informations !", 5),
  (26, 3, "Très bonne formation, j'ai beaucoup apprécié la présentation des contenus.", 5),
  (27, 1, "Bonne formation, mais j'aurais aimé avoir plus de temps pour poser des questions.", 4),
  (27, 2, "Formation intéressante mais j'aurais aimé avoir plus de temps pour pratiquer.", 4),
  (27, 3, "Le formateur était très compétent et a su répondre à toutes mes questions. Je recommande vivement cette formation.", 5),
  (27, 4, "J'ai appris énormément de choses grâce à cette formation. Les supports de cours étaient clairs et concis.", 4),
  (27, 5, "La formation était assez intense mais très enrichissante. J'ai hâte de mettre en pratique ce que j'ai appris.", 4),
  (27, 6, "Je recommande vivement cette formation pour tous ceux qui souhaitent se lancer dans le développement de logiciels.", 5),
  (27, 7, "Le formateur était très professionnel et a su nous transmettre son savoir de manière claire et concise.", 5),
  (27, 8, "La formation était très intéressante mais je regrette de ne pas avoir eu plus de temps pour poser toutes mes questions.", 4),
  (27, 9, "J'ai beaucoup apprécié les exercices pratiques qui nous ont permis de mettre en pratique ce que nous avons appris.", 5),
  (27, 10, "La formation était très bien organisée et le formateur était disponible pour répondre à toutes nos questions.", 5),
  (27, 11, "Je recommande cette formation à tous ceux qui souhaitent se perfectionner en programmation.", 5),
  (27, 12, "Le formateur était très compétent et a su nous transmettre son savoir de manière claire et concise.", 5),
  (27, 13, "J'ai beaucoup apprécié les exercices pratiques qui nous ont permis de mettre en pratique ce que nous avons appris.", 5),
  (27, 14, "La formation était très intéressante et le formateur était disponible pour répondre à toutes nos questions.", 5),
  (27, 15, "Je recommande cette formation à tous ceux qui souhaitent se perfectionner en programmation.", 5),
  (27, 16, "Le formateur était très compétent et a su",5),
  (28, 1, "Très bonne formation, j'ai appris beaucoup de choses.", 5),
  (28, 2, "Formation intéressante mais j'aurais aimé avoir plus de temps pour pratiquer.", 4),
  (28, 3, "Le formateur était très compétent et a su répondre à toutes mes questions. Je recommande vivement cette formation.", 5),
  (28, 4, "J'ai appris énormément de choses grâce à cette formation. Les supports de cours étaient clairs et concis.", 4),
  (28, 5, "La formation était assez intense mais très enrichissante. J'ai hâte de mettre en pratique ce que j'ai appris.", 4),
  (29, 6, "Je recommande vivement cette formation pour tous ceux qui souhaitent se lancer dans le développement de logiciels.", 5),
  (29, 7, "Le formateur était très professionnel et a su nous transmettre son savoir de manière claire et concise.", 5),
  (29, 8, "La formation était très intéressante mais je regrette de ne pas avoir eu plus de temps pour poser toutes mes questions.", 4),
  (29, 9, "J'ai beaucoup apprécié les exercices pratiques qui nous ont permis de mettre en pratique ce que nous avons appris.", 5),
  (30, 10, "La formation était très bien organisée et le formateur était disponible pour répondre à toutes nos questions.", 5),
  (30, 11, "Je recommande cette formation à tous ceux qui souhaitent se perfectionner en programmation.", 5),
  (30, 12, "Le formateur était très compétent et a su nous transmettre ses connaissances de manière accessible à tous.", 4),
  (30, 13, "J'ai apprécié les exercices pratiques qui nous ont permis de mettre en pratique ce que nous avons appris.", 5),
  (31, 14, "La formation était très bien structurée et le formateur était très professionnel.", 5),
  (31, 15, "J'ai beaucoup appris grâce à cette formation et j'ai hâte de mettre en pratique ce que j'ai appris.", 4),
  (31, 16, "Le formateur était très compétent et a su répondre à toutes nos questions.", 5),
  (31, 17, "Je", 3),
  (31, 18, "La formation était très intéressante mais j'aurais aimé avoir plus de temps pour pratiquer.", 4),
  (32, 19, "Le formateur était très compétent et a su répondre à toutes nos questions de manière claire et concise.", 5),
  (32, 20, "J'ai beaucoup appris grâce à cette formation et je recommande vivement cette formation à tous ceux qui souhaitent se lancer dans le développement de logiciels.", 5),
  (32, 21, "La formation était très bien structurée et les supports de cours étaient très clairs.", 4),
  (32, 22, "J'ai apprécié les exercices pratiques qui nous ont permis de mettre en pratique ce que nous avons appris.", 5),
  (33, 23, "Le formateur était très professionnel et a su nous transmettre son savoir de manière accessible à tous.", 5),
  (33, 24, "La formation était très intéressante mais j'aurais aimé avoir plus de temps pour poser toutes mes questions.", 4),
  (33, 25, "J'ai beaucoup appris grâce à cette formation et j'ai hâte de mettre en pratique ce que j'ai appris.", 5),
  (33, 26, "Le formateur était très compétent et a su répondre à toutes nos questions.", 5),
  (34, 27, "La formation était très bien organisée et le formateur était disponible pour répondre à toutes nos questions.", 5),
  (34, 28, "Je recommande cette formation à tous ceux qui souhaitent se perfectionner en programmation.", 5),
  (34, 29, "Le formateur était très compétent et a su nous transmettre ses connaissances de manière accessible à tous.", 4),
  (34, 30, "J'ai apprécié les exercices pratiques qui nous ont permis de mettre en pratique ce que nous avons appris.", 5),
  (35, 31, "La formation était très bien structurée et le formateur était très professionnel.", 5),
  (35, 32, "J'ai beaucoup appris grâce à cette formation et j'ai hâte de mettre en pratique ce que j'ai appris.", 4),
  (35, 33, "Le formateur était très compétent et a su répondre à toutes nos questions.", 5),
  (35, 34, "La formation était très intéressante mais j'",2),
  (36, 1, "La formation était très intéressante et j'ai beaucoup appris.", 4),
  (36, 2, "Le formateur était très compétent et a su répondre à toutes nos questions.", 5),
  (36, 3, "J'ai apprécié les exercices pratiques qui nous ont permis de mettre en pratique ce que nous avons appris.", 4),
  (37, 4, "La formation était très bien structurée et le formateur était très professionnel.", 5),
  (37, 5, "J'ai beaucoup appris grâce à cette formation et j'ai hâte de mettre en pratique ce que j'ai appris.", 4),
  (37, 6, "Le formateur était très compétent et a su répondre à toutes nos questions de manière claire et concise.", 5),
  (37, 7, "La formation était très intéressante mais j'aurais aimé avoir plus de temps pour poser toutes mes questions.", 4),
  (38, 8, "J'ai beaucoup appris grâce à cette formation et je recommande vivement cette formation à tous ceux qui souhaitent se lancer dans le développement de logiciels.", 5),
  (38, 9, "Le formateur était très compétent et a su nous transmettre son savoir de manière accessible à tous.", 4),
  (38, 10, "J'ai apprécié les exercices pratiques qui nous ont permis de mettre en pratique ce que nous avons appris.", 5),
  (38, 11, "La formation était très bien organisée et le formateur était disponible pour répondre à toutes nos questions.", 5),
  (39, 12, "Je recommande cette formation à tous ceux qui souhaitent se perfectionner en programmation.", 5),
  (39, 13, "Le formateur était très compétent et a su nous transmettre ses connaissances de manière accessible à tous.", 4),
  (39, 14, "J'ai apprécié les exercices pratiques qui nous ont permis de mettre en pratique ce que nous avons appris.", 5),
  (39, 15, "La formation était très bien structurée et le formateur était très professionnel.", 5),
  (40, 16, "J'ai beaucoup appris grâce à cette formation et j'ai hâte de mettre en pratique ce que j",1),
  (40, 17, "La formation était très intéressante et j'ai beaucoup appris.", 4),
  (40, 18, "Le formateur était très compétent et a su répondre à toutes nos questions.", 5),
  (40, 19, "J'ai apprécié les exercices pratiques qui nous ont permis de mettre en pratique ce que nous avons appris.", 4),
  (41, 20, "La formation était très bien structurée et le formateur était très professionnel.", 5),
  (41, 21, "J'ai beaucoup appris grâce à cette formation et j'ai hâte de mettre en pratique ce que j'ai appris.", 4),
  (41, 22, "Le formateur était très compétent et a su répondre à toutes nos questions de manière claire et concise.", 5),
  (41, 23, "La formation était très intéressante mais j'aurais aimé avoir plus de temps pour poser toutes mes questions.", 4),
  (42, 24, "J'ai beaucoup appris grâce à cette formation et je recommande vivement cette formation à tous ceux qui souhaitent se lancer dans le développement de logiciels.", 5),
  (42, 25, "Le formateur était très compétent et a su nous transmettre son savoir de manière accessible à tous.", 4),
  (42, 26, "J'ai apprécié les exercices pratiques qui nous ont permis de mettre en pratique ce que nous avons appris.", 5),
  (42, 27, "La formation était très bien organisée et le formateur était disponible pour répondre à toutes nos questions.", 5),
  (43, 28, "Je recommande cette formation à tous ceux qui souhaitent se perfectionner en programmation.", 5),
  (43, 29, "Le formateur était très compétent et a su nous transmettre ses connaissances de manière accessible à tous.", 4),
  (43, 30, "J'ai apprécié les exercices pratiques qui nous ont permis de mettre en pratique ce que nous avons appris.", 5),
  (43, 31, "La formation était très bien structurée et le formateur était très professionnel.", 5),
  (44, 32, "J'ai beaucoup appris grâce à cette formation et j'ai hâte de mettre en pratique ce que j'ai appris.", 4),
  (44, 34, "La formation était très intéressante et j'ai beaucoup appris.", 4),
  (44, 35, "Le formateur était très compétent et a su répondre à toutes nos questions.", 5),
  (44, 36, "J'ai apprécié les exercices pratiques qui nous ont permis de mettre en pratique ce que nous avons appris.", 4),
  (45, 37, "La formation était très bien structurée et le formateur était très professionnel.", 5),
  (45, 38, "J'ai beaucoup appris grâce à cette formation et j'ai hâte de mettre en pratique ce que j'ai appris.", 4),
  (45, 39, "Le formateur était très compétent et a su répondre à toutes nos questions de manière claire et concise.", 5),
  (45, 40, "La formation était très intéressante mais j'aurais aimé avoir plus de temps pour poser toutes mes questions.", 4),
  (46, 41, "J'ai beaucoup appris grâce à cette formation et je recommande vivement cette formation à tous ceux qui souhaitent se lancer dans le développement de logiciels.", 5),
  (46, 42, "Le formateur était très compétent et a su nous transmettre son savoir de manière accessible à tous.", 4),
  (46, 43, "J'ai apprécié les exercices pratiques qui nous ont permis de mettre en pratique ce que nous avons appris.", 5),
  (46, 44, "La formation était très bien organisée et le formateur était disponible pour répondre à toutes nos questions.", 5),
  (47, 45, "Je recommande cette formation à tous ceux qui souhaitent se perfectionner en programmation.", 5),
  (47, 46, "Le formateur était très compétent et a su nous transmettre ses connaissances de manière accessible à tous.", 4),
  (47, 47, "J'ai apprécié les exercices pratiques qui nous ont permis de mettre en pratique ce que nous avons appris.", 5),
  (47, 48, "La formation était très bien structurée et le formateur était très professionnel.", 5),
  (48, 49, "J'ai beaucoup appris grâce à cette formation et j'ai hâte de mettre en pratique ce que j'ai appris.", 4),
  (48, 50, "Le formateur était très compétent et a su répond",2);




INSERT INTO Formateur (idFormateur, Nom, Prenom) VALUES
  (1, "Dupont", "Pierre"),
  (2, "Durand", "Marie"),
  (3, "Boucher", "Olivier"),
  (4, "Martin", "Julie"),
  (5, "Petit", "Lucie"),
  (6, "Leroy", "Thomas"),
  (7, "Rouge", "Emma"),
  (8, "Moreau", "Marc"),
  (9, "Laurent", "Emilie"),
  (10, "Garcia", "Benjamin"),
  (11, "David", "Sophie"),
  (12, "Bertrand", "Paul"),
  (13, "Muller", "Chloé"),
  (14, "Smith", "John"),
  (15, "Jones", "Jane"),
  (16, "Williams", "Mike"),
  (17, "Brown", "Sarah"),
  (18, "Miller", "David"),
  (19, "Wilson", "Karen"),
  (20, "Moore", "Richard"),
  (21, "Taylor", "Julia"),
  (22, "Thomas", "Jules"),
  (23, "Jackson", "Alice"),
  (24, "White", "Tom"),
  (25, "Harris", "Eva"),
  (26, "Martin", "Léa"),
  (27, "Thompson", "Max"),
  (28, "Garcia", "Ana"),
  (29, "Martinez", "Loup"),
  (30, "Robinson", "Zoé"),
  (31, "Clark", "Nathan"),
  (32, "Rodriguez", "Charle"),
INSERT INTO Formation (idFormation, libelleFormation) VALUES
  (1, "Développement web"),
  (2, "Design graphique"),
  (3, "Gestion de projet"),
  (4, "Intelligence artificielle"),
  (5, "Sécurité informatique"),
  (6, "Base de données"),
  (7, "Développement mobile"),
  (8, "Cloud computing"),
  (9, "Analyse de données"),
  (10, "Machine learning"),
  (11, "Développement de jeux vidéo"),
  (12, "Réalité virtuelle"),
  (13, "Création de sites e-commerce"),
  (14, "Développement de logiciels"),
  (15, "Gestion de contenu web"),
  (16, "Marketing digital"),
  (17, "Développement de logiciels de gestion"),
  (18, "Développement de logiciels de bureautique"),
  (19, "Création de jeux en ligne"),
  (20, "Création d'applications mobiles"),
  (21, "Programmation de robots"),
  (22, "Création de sites web"),
  (23, "Développement de logiciels de simulation"),
  (24, "Développement de logiciels de modélisation"),
  (25, "Développement de logiciels de gestion de projet"),
  (26, "Développement de logiciels de gestion de bases de données"),
  (27, "Développement de logiciels de gestion de données"),
  (28, "Développement de logiciels de gestion de documents"),
  (29, "Développement de logiciels de gestion de stock"),
  (30, "Développement de logiciels de gestion de ressources humaines"),
  (31, "Développement de logiciels de gestion de la qualité"),
  (32, "Développement de logiciels de gestion de la production"),
  (33, "Développement de logiciels de gestion de la logistique"),
  (34, "Développement de logiciels de gestion de la maintenance"),
  (35, "Développement de logiciels de gestion de la sécurité"),
  (36, "Développement de logiciels de gestion de la communication"),
  (37, "Développement de logiciels de gestion de la finance"),
  (38, "Développement de logiciels de gestion de la chaîne d'approvisionnement");
INSERT INTO FormLink (idFormation, idFormateur) VALUES
  (1, 1),
  (1, 2),
  (1, 3),
  (1, 4),
  (2, 5),
  (2, 6),
  (2, 7),
  (2, 8),
  (3, 9),
  (3, 10),
  (3, 11),
  (3, 12),
  (4, 13),
  (4, 14),
  (4, 15),
  (4, 16),
  (5, 17),
  (5, 18),
  (5, 19),
  (5, 20),
  (6, 21),
  (6, 22),
  (6, 23),
  (6, 24),
  (7, 25),
  (7, 26),
  (7, 27),
  (7, 28),
  (8, 29),
  (8, 30),
  (8, 31),
  (8, 32),
  (9, 33),
  (9, 34),
  (9, 35),
  (9, 36),
  (10, 37),
  (10, 38),
  (10, 39),
  (10, 40),
  (11, 41),
  (11, 42),
  (11, 43),
  (11, 44),
  (12, 45),
  (12, 46),
  (12, 47),
  (12, 48),
  (13, 49),
  (13, 50),
  (14, 1),
  (14, 2),
  (15, 3),
  (15, 4),
  (16, 5),
  (16, 6),
  (17, 7),
  (17, 8),
  (18, 9),
  (18, 10),
  (19, 11),
  (19, 12),
  (20, 13),
  (20, 14);







